Date,Event Type,Issue,Completed Work,Work Scope
,,Date	Event Type	Issue	Completed Work	Work scope,,
1/Jun/24 5:31 AM,Sprint started,FIN-369 Smog check,,
1/Jun/24 5:31 AM,Sprint started,FIN-555 LinkedIn recommendation Andrew Grieser,,
1/Jun/24 5:31 AM,Sprint started,FIN-569 Step 1 Set up a Job Search Council,,
1/Jun/24 5:31 AM,Sprint started,FIN-599 Repot h. bhutanica,,
1/Jun/24 5:31 AM,Sprint started,FIN-646 HPPR 6 Introducing Database Views,,
1/Jun/24 5:31 AM,Sprint started,FIN-659 Nguyen Hue pages 26-27,,
1/Jun/24 5:31 AM,Sprint started,FIN-661 Github sales tax configuration :(,,
1/Jun/24 5:31 AM,Sprint started,FIN-662 Olli: Prompt Engineering & more due diligence,,
1/Jun/24 5:31 AM,Sprint started,FIN-666 Add Skills to hired.com profile,,
1/Jun/24 5:31 AM,Sprint started,FIN-667 Draft charter for JSC,,
1/Jun/24 5:31 AM,Sprint started,FIN-668 Huntress interview Wed June 5,,
1/Jun/24 5:31 AM,Sprint started,FIN-670 undefined,,
1/Jun/24 5:31 AM,Sprint started,FIN-671 Outline SIEM architecture,,
